<?xml version="1.0" encoding="UTF-8"?>
<beans xmlns="http://www.springframework.org/schema/beans"
	xmlns:xsi="http://www.w3.org/2001/XMLSchema-instance"
	xmlns:aop="http://www.springframework.org/schema/aop"
	xsi:schemaLocation="http://www.springframework.org/schema/beans  
    http://www.springframework.org/schema/beans/spring-beans-3.0.xsd   
    http://www.springframework.org/schema/aop   
    http://www.springframework.org/schema/aop/spring-aop-3.0.xsd ">
    
    <aop:aspectj-autoproxy></aop:aspectj-autoproxy>
	<bean id="circle" class="com.springAop.pratice.shapes.Circle">
		<property name="name" value="Circle is my name" />
	</bean>
	<bean id="traingle" class="com.springAop.pratice.shapes.Circle">
	
	</bean>
	<bean id="shapeService" class="com.springAop.pratice.service.Shapeservice" autowire="byName" />
    <bean id="loggingAspect" class="com.springAop.pratice.Aspect.Logging"/>
 
</beans>